title,link,source_id,country,language,pubDate
"Infinix Note Edge 5G: 1.5K AMOLED Curved Display, Dimensity 7100 Chipset, And 6500mAh Battery—Check Detailed Review Before Buying",https://www.newsx.com/tech-and-auto/infinix-note-edge-5g-15k-amoled-curved-display-dimensity-7100-chipset-and-6500mah-batterycheck-detailed-review-before-buying-187068/,newsx,['india'],english,2026-03-23 07:28:11
India’s micro-drama market grows to $300 million; interactive media sector at $13.8 billion,https://bestmediainfo.com/insights/indias-micro-drama-market-grows-to-300-million-interactive-media-sector-at-138-billion-11254777,bestmediainfo,['india'],english,2026-03-23 07:28:01
"OnePlus 15T launch date confirmed for March 24: Check expected display, camera, battery, price in India and other features",https://zeenews.india.com/technology/oneplus-15t-launch-date-confirmed-for-march-24-check-expected-display-camera-battery-price-in-india-and-other-features-3029621.html,zeenews,['india'],english,2026-03-23 07:25:00
Can Indian BPM move up the digital value chain?,https://www.expresscomputer.in/news/can-indian-bpm-move-up-the-digital-value-chain/133748/,expresscomputer,['india'],english,2026-03-23 07:24:25
"India Adds 57 New Billionaires, Total Count Rises to 308: Report",https://www.awamkasach.com/india-adds-57-new-billionaires-total-count-rises-to-308-report/,awamkasach,['india'],english,2026-03-23 07:24:01
Protests Erupt in San Francisco Demanding Halt to AI Development,https://thecsrjournal.in/protests-erupt-in-san-francisco-demanding-halt-to-ai-development/,thecsrjournal,['india'],english,2026-03-23 07:23:01
Not every arbitration best decided by retired judge: Senior advocate and Arbitration Bar president Gourab Banerji,https://indianexpress.com/article/legal-news/gourab-banerji-interview-india-arbitration-trust-deficit-reforms-10596247/,indianexpress,['india'],english,2026-03-23 07:22:33
Social transformation and changing aspirations of youth,https://www.sentinelassam.com/more-news/editorial/social-transformation-and-changing-aspirations-of-youth,sentinel,['india'],english,2026-03-23 07:16:44
Indian courts are operating like a lottery. They need smarter case scheduling,https://theprint.in/opinion/counting-on-law/indian-courts-lottery-case-scheduling/2885959/,theprint,['india'],english,2026-03-23 07:15:38
Rising cyber threats to digital infrastructure must be addressed speedily,https://etedge-insights.com/technology/cyber-security/rising-cyber-threats-to-digital-infrastructure-must-be-addressed-speedily/,etedge_insights,['india'],english,2026-03-23 07:14:19
UAPA Arrests With Low Convictions ‘Cannot Be Model Of Viksit Bharat’: SC Judge,https://www.news18.com/india/uapa-arrests-with-low-convictions-cannot-be-model-of-viksit-bharat-sc-judge-ws-l-9992043.html,news18,['india'],english,2026-03-23 07:14:10
Altos Computing unveils 'Make-in-India' AI servers,https://economictimes.indiatimes.com/tech/artificial-intelligence/altos-computing-unveils-make-in-india-ai-servers/articleshow/129752995.cms,economictimes_indiatimes,['india'],english,2026-03-23 07:12:18
"Realme P4 Lite 5G with 7,000mAh battery launched in India: Price, specs and more",https://www.hindustantimes.com/technology/realme-p4-lite-5g-with-7-000mah-battery-launched-in-india-price-specs-and-more-101774249644652.html,hindustantimes,['india'],english,2026-03-23 07:11:29
FPT Recognized in Everest Group Application Development Services for AI Applications PEAK Matrix® Assessment 2025,https://celebrityhint.com/fpt-recognized-in-everest-group-application-development-services-for-ai-applications-peak-matrix-assessment-2025/,celebrityhint,['india'],english,2026-03-23 07:10:00
"India will have unique leadership in intelligence economy, says Jio’s Mathew Oommen",https://telecom.economictimes.indiatimes.com/news/industry/jios-mathew-oommen-paves-indias-path-to-intelligence-economy/129745513,telecom_economictimes,['india'],english,2026-03-23 07:09:22
India’s micro-drama segment crosses $300Mn in year one: Lumikai Media Report 2025,https://www.afaqs.com/news/media/indias-micro-drama-segment-crosses-300mn-in-year-one-lumikai-report-2025-11254960,afaqs,['india'],english,2026-03-23 07:07:52
India's Interactive Media Market Sees Rapid Growth with Microdramas,https://gyanhigyan.com/business-finance/indias-interactive-media-market-sees-rapid-growth-with/cid18405087.htm,gyanhigyan,['india'],english,2026-03-23 07:05:21
"Saviynt Positioned As A Leader And Emerging Innovator In The SPARK Matrixtm: Privileged Access Management (PAM), 2025 By QKS Group",https://menafn.com/1110894263/Saviynt-Positioned-As-A-Leader-And-Emerging-Innovator-In-The-SPARK-Matrixtm-Privileged-Access-Management-PAM-2025-By-QKS-Group,menafn,"['laos', 'nepal', 'kazakhstan', 'turkey', 'macau', 'yemen', 'brunei', 'pakistan', 'bangladesh', 'afghanistan', 'timor-leste', 'myanmar', 'jordan', 'north korea', 'indonesia', 'turkmenistan', 'cambodia', 'south korea', 'vietnam', 'maldives', 'lebanon', 'taiwan', 'saudi arabia', 'israel', 'philippines', 'qatar', 'syria', 'iraq', 'kuwait', 'china', 'sri lanka', 'tajikistan', 'singapore', 'mongolia', 'georgia', 'armenia', 'malaysia', 'japan', 'bhutan', 'cyprus', 'uzbekistan', 'thailand', 'united arab emirates', 'india', 'kyrgyzstan', 'bahrain', 'azerbaijan', 'iran']",english,2026-03-23 07:01:11
"AI Reimagines Yamuna Bank Behind Taj Mahal As Mughal Garden, Internet Says, 'Only AI Can Fix India'",https://menafn.com/1110894239/AI-Reimagines-Yamuna-Bank-Behind-Taj-Mahal-As-Mughal-Garden-Internet-Says-Only-AI-Can-Fix-India,menafn,"['laos', 'nepal', 'kazakhstan', 'turkey', 'macau', 'yemen', 'brunei', 'pakistan', 'bangladesh', 'afghanistan', 'timor-leste', 'myanmar', 'jordan', 'north korea', 'indonesia', 'turkmenistan', 'cambodia', 'south korea', 'vietnam', 'maldives', 'lebanon', 'taiwan', 'saudi arabia', 'israel', 'philippines', 'qatar', 'syria', 'iraq', 'kuwait', 'china', 'sri lanka', 'tajikistan', 'singapore', 'mongolia', 'georgia', 'armenia', 'malaysia', 'japan', 'bhutan', 'cyprus', 'uzbekistan', 'thailand', 'united arab emirates', 'india', 'kyrgyzstan', 'bahrain', 'azerbaijan', 'iran']",english,2026-03-23 07:00:50
"MICE Industry Market Size, Share & Growth Graph By 2034",https://menafn.com/1110894206/MICE-Industry-Market-Size-Share-Growth-Graph-By-2034,menafn,"['laos', 'nepal', 'kazakhstan', 'turkey', 'macau', 'yemen', 'brunei', 'pakistan', 'bangladesh', 'afghanistan', 'timor-leste', 'myanmar', 'jordan', 'north korea', 'indonesia', 'turkmenistan', 'cambodia', 'south korea', 'vietnam', 'maldives', 'lebanon', 'taiwan', 'saudi arabia', 'israel', 'philippines', 'qatar', 'syria', 'iraq', 'kuwait', 'china', 'sri lanka', 'tajikistan', 'singapore', 'mongolia', 'georgia', 'armenia', 'malaysia', 'japan', 'bhutan', 'cyprus', 'uzbekistan', 'thailand', 'united arab emirates', 'india', 'kyrgyzstan', 'bahrain', 'azerbaijan', 'iran']",english,2026-03-23 07:00:13
Microdramas in India expand into $300 million market,https://assamtribune.com/national/microdramas-in-india-expand-into-300-million-market-1609728,assamtribune,['india'],english,2026-03-23 06:59:40
"Adobe Names Shamik Basu As Vice President, Creative Products Group In India",https://www.ndtv.com/india-news/adobe-names-shamik-basu-as-vice-president-creative-products-group-in-india-11253217,ndtv,['india'],english,2026-03-23 06:58:04
AI Must Aid Courts Without Replacing Judges: CJI Surya Kant Emphasises Human Control Over Judicial Decisions,https://lawtrend.in/ai-must-aid-courts-without-replacing-judges-cji-surya-kant-emphasises-human-control-over-judicial-decisions/,lawtrend_in,['india'],english,2026-03-23 06:57:47
Shamik Basu Appointed as Adobe India VP,https://www.latestly.com/business/shamik-basu-appointed-as-adobe-india-vp-7364533.html,latestly,['india'],english,2026-03-23 06:56:41
Dhurandhar 2 Alternate Ending: Ranveer Singh’s Jaskirat Singh Rangi aka Hamza reunites with his mother and then...; viral video leaves fans emotional,https://news24online.com/entertainment/dhurandhar-2-alternate-ending-ranveer-singhs-jaskirat-singh-rangi-aka-hamza-reunites-with-his-mother-and-hugs-her-viral-video-leaves-fans-emotional/781726/,news24online,['india'],english,2026-03-23 06:55:52
"CJI Surya Kant On AI In Courts: Technology Can Aid, Not Adjudicate",https://lawbeat.in/top-stories/cji-surya-kant-on-ai-in-courts-technology-can-aid-not-adjudicate-1574418,lawbeat_in,['india'],english,2026-03-23 06:55:49
India’s AI regulation may be built through its ecosystem,https://telecomlive.in/web/2026/03/23/indias-ai-regulation-may-be-built-through-its-ecosystem/,telecomlive,['india'],english,2026-03-23 06:55:06
National News | Express News Channel,https://expressnewschannel.com/category/national/,expressnewschannel,['india'],english,2026-03-23 06:54:05
"The AI Makeover: Mumbai, Navi Mumbai, Now A Third Mumbai - Mapping India’s Next High-Tech Mega-City",https://www.timesnownews.com/mumbai/the-ai-makeover-mumbai-navi-mumbai-now-a-third-mumbai-mapping-indias-next-high-tech-mega-city-photo-gallery-153898497,timesnownews,['india'],english,2026-03-23 06:52:39
Dell AI Factory With NVIDIA Drives Enterprise AI Growth,https://smestreet.in/technology/dell-ai-factory-with-nvidia-drives-enterprise-ai-growth-11254948,smestreet,['india'],english,2026-03-23 06:51:50
AI May Replace CEOs? Zuckerberg Reportedly Developing AI CEO Agent at Meta,https://in.mashable.com/tech/107446/ai-may-replace-ceos-zuckerberg-reportedly-developing-ai-ceo-agent-at-meta,in_mashable,['india'],english,2026-03-23 06:50:09
"AI integration in India’s public systems: From Aadhaar authentication to BharatGen, government outlines data ecosystem transformation",https://www.moneycontrol.com/technology/ai-integration-in-india-s-public-systems-from-aadhaar-authentication-to-bharatgen-government-outlines-data-ecosystem-transformation-article-13867401.html,moneycontrol,['india'],english,2026-03-23 06:40:25
Under scanner: Human rights fronts on ISI's payroll take shape in new Kashmir disinformation push,https://www.thehawk.in/news/world/under-scanner-human-rights-fronts-on-isis-payroll-take-shape-in-new-kashmir-disinformation-push,thehawk_in,['india'],english,2026-03-23 06:38:24
"POCO X8 Pro and Poco X8 Pro Max goes on sale in India today: Check price, specs and offer details",https://www.hindustantimes.com/technology/poco-x8-pro-and-poco-x8-pro-max-goes-on-sale-in-india-today-check-price-specs-and-offer-details-101774247178753.html,hindustantimes,['india'],english,2026-03-23 06:37:15
"11:11 | India's ₹20,000 Cr Microfinance boost, Kotak Mahindra eyes Deutsche India retail biz & more",https://www.cnbctv18.com/business/1111-indias-%e2%82%b920000-cr-microfinance-boost-kotak-mahindra-eyes-deutsche-india-retail-biz-more-ws-l-19873336.htm,cnbctv18,['india'],english,2026-03-23 06:34:32
"Nehru, Mughals, Dhurandhar, Narcos & Kargil. A Delhi show on the great Indian blame game",https://theprint.in/feature/around-town/nehru-dhurandhar-delhi-show-indian-blame-game/2886237/,theprint,['india'],english,2026-03-23 06:31:14
"MoT, ATOAI host adventure training in Bhopal",https://travtalkindia.com/mot-atoai-host-adventure-training-in-bhopal/,travtalkindia,['india'],english,2026-03-23 06:30:41
"Google Pixel 11 leaks: 100x Zoom, Tensor G6 & AI features – Is this the smartest phone of 2026?",https://www.pcquest.com/smartphones/google-pixel-11-leaks-100x-zoom-tensor-g6-ai-features-is-this-the-smartest-phone-of-2026-11254003,pcquest,['india'],english,2026-03-23 06:30:37
Hyring launches AI-powered English proficiency test with a rap-carnatic fusion song,https://indianstartupnews.com/isn-in-depth/hyring-launches-ai-powered-english-proficiency-test-with-a-rap-carnatic-fusion-song-11254580,indianstartupnews,['india'],english,2026-03-23 06:29:13
"realme P4 Lite 5G Launched In India With 7000mAh Battery And 144Hz Display: Check Price, Specs, Offers",https://www.gizbot.com/mobile/news/realme-p4-lite-5g-launched-in-india-with-7000mah-battery-and-144hz-display-check-price-specs-011-124399.html,gizbot,['india'],english,2026-03-23 06:29:01
Adobe names ex-Microsoft executive Shamik Basu as India VP,https://zeenews.india.com/economy/adobe-names-ex-microsoft-executive-shamik-basu-as-india-vp-3029588.html,zeenews,['india'],english,2026-03-23 06:27:00
Strait of Hormuz tensions: Is your internet at risk as Iran-US-Israel conflict escalates?,https://www.digit.in/news/general/strait-of-hormuz-tensions-is-your-internet-at-risk-as-iran-us-israel-conflict-escalates.html,digit_in,['india'],english,2026-03-23 06:24:44
JioBlackRock Introduces Large Cap Fund NFO,https://smestreet.in/infocus/jioblackrock-introduces-large-cap-fund-nfo-11254804,smestreet,['india'],english,2026-03-23 06:23:09
Workroom Automation Gets Seed Funding To Scale Platform,https://smestreet.in/infocus/workroom-automation-gets-seed-funding-to-scale-platform-11254792,smestreet,['india'],english,2026-03-23 06:19:34
Convergence India Expo 2026 Opens with Strong Global Participation,https://www.exhibitionshowcase.com/convergence-india-expo-2026-opens-with-strong-global-participation/,exhibitionshowcase,['india'],english,2026-03-23 06:15:24
Jio BlackRock Asset Management launches JioBlackRock Large Cap Fund NFO,https://konexionetwork.com/finance-economy/jio-blackrock-asset-management-launches-jioblackrock-large-cap-fund-nfo/,konexionetwork,['india'],english,2026-03-23 06:09:33
"Online Doctor Consultation Market Size, Share & Growth Graph By 2034",https://menafn.com/1110894130/Online-Doctor-Consultation-Market-Size-Share-Growth-Graph-By-2034,menafn,"['laos', 'nepal', 'kazakhstan', 'turkey', 'macau', 'yemen', 'brunei', 'pakistan', 'bangladesh', 'afghanistan', 'timor-leste', 'myanmar', 'jordan', 'north korea', 'indonesia', 'turkmenistan', 'cambodia', 'south korea', 'vietnam', 'maldives', 'lebanon', 'taiwan', 'saudi arabia', 'israel', 'philippines', 'qatar', 'syria', 'iraq', 'kuwait', 'china', 'sri lanka', 'tajikistan', 'singapore', 'mongolia', 'georgia', 'armenia', 'malaysia', 'japan', 'bhutan', 'cyprus', 'uzbekistan', 'thailand', 'united arab emirates', 'india', 'kyrgyzstan', 'bahrain', 'azerbaijan', 'iran']",english,2026-03-23 06:07:04
"India Semiconductor Mission 2.0 Groundwork Begins, Details Under Wraps",https://menafn.com/1110894101/India-Semiconductor-Mission-20-Groundwork-Begins-Details-Under-Wraps,menafn,"['laos', 'nepal', 'kazakhstan', 'turkey', 'macau', 'yemen', 'brunei', 'pakistan', 'bangladesh', 'afghanistan', 'timor-leste', 'myanmar', 'jordan', 'north korea', 'indonesia', 'turkmenistan', 'cambodia', 'south korea', 'vietnam', 'maldives', 'lebanon', 'taiwan', 'saudi arabia', 'israel', 'philippines', 'qatar', 'syria', 'iraq', 'kuwait', 'china', 'sri lanka', 'tajikistan', 'singapore', 'mongolia', 'georgia', 'armenia', 'malaysia', 'japan', 'bhutan', 'cyprus', 'uzbekistan', 'thailand', 'united arab emirates', 'india', 'kyrgyzstan', 'bahrain', 'azerbaijan', 'iran']",english,2026-03-23 06:06:25
Gujarat's Enagar Portal Simplifies Access To Urban Civic Services,https://menafn.com/1110894106/Gujarats-Enagar-Portal-Simplifies-Access-To-Urban-Civic-Services,menafn,"['laos', 'nepal', 'kazakhstan', 'turkey', 'macau', 'yemen', 'brunei', 'pakistan', 'bangladesh', 'afghanistan', 'timor-leste', 'myanmar', 'jordan', 'north korea', 'indonesia', 'turkmenistan', 'cambodia', 'south korea', 'vietnam', 'maldives', 'lebanon', 'taiwan', 'saudi arabia', 'israel', 'philippines', 'qatar', 'syria', 'iraq', 'kuwait', 'china', 'sri lanka', 'tajikistan', 'singapore', 'mongolia', 'georgia', 'armenia', 'malaysia', 'japan', 'bhutan', 'cyprus', 'uzbekistan', 'thailand', 'united arab emirates', 'india', 'kyrgyzstan', 'bahrain', 'azerbaijan', 'iran']",english,2026-03-23 06:06:25
"Rare Black Tiger Poached In Similipal 12 Arrested, Mastermind Free",https://menafn.com/1110894108/Rare-Black-Tiger-Poached-In-Similipal-12-Arrested-Mastermind-Free,menafn,"['laos', 'nepal', 'kazakhstan', 'turkey', 'macau', 'yemen', 'brunei', 'pakistan', 'bangladesh', 'afghanistan', 'timor-leste', 'myanmar', 'jordan', 'north korea', 'indonesia', 'turkmenistan', 'cambodia', 'south korea', 'vietnam', 'maldives', 'lebanon', 'taiwan', 'saudi arabia', 'israel', 'philippines', 'qatar', 'syria', 'iraq', 'kuwait', 'china', 'sri lanka', 'tajikistan', 'singapore', 'mongolia', 'georgia', 'armenia', 'malaysia', 'japan', 'bhutan', 'cyprus', 'uzbekistan', 'thailand', 'united arab emirates', 'india', 'kyrgyzstan', 'bahrain', 'azerbaijan', 'iran']",english,2026-03-23 06:06:25
"AI must strengthen, not override judiciary: CJI",https://www.thehansindia.com/karnataka/ai-must-strengthen-not-override-judiciary-cji-1058828,thehansindia,['india'],english,2026-03-23 06:06:07
"Microdrama to podcasts: India’s interactive media hits $13.8 billion, and AI’s role in it",https://www.digit.in/features/general/microdrama-to-podcasts-indias-interactive-media-hits-138-billion-and-ais-role-in-it.html,digit_in,['india'],english,2026-03-23 06:03:59
Microdramas emerge as $300 million market in India: Report,https://www.thehawk.in/news/economy-and-business/microdramas-emerge-as-300-million-market-in-india-report,thehawk_in,['india'],english,2026-03-23 06:03:26
"Adobe India appoints Shamik Basu as Vice President, Creative Products Group",https://www.afaqs.com/people-spotting/adobe-india-appoints-shamik-basu-as-vice-president-creative-products-group-11254704,afaqs,['india'],english,2026-03-23 06:01:54
"From Upskilling to Impact: Building an AI-Ready, Compliant Healthcare Workforce Through Digital Learning",https://www.apnnews.com/from-upskilling-to-impact-building-an-ai-ready-compliant-healthcare-workforce-through-digital-learning/,apnnews,['india'],english,2026-03-23 06:01:29
No more CAPTCHA? Reddit to soon offer a faster human check,https://www.digit.in/news/general/no-more-captcha-reddit-to-soon-offer-a-faster-human-check.html,digit_in,['india'],english,2026-03-23 05:55:08
Rapidise Expands Vision AI and Intelligent Camera Platforms to Enable Next-Generation Edge AI Systems,https://www.theweek.in/wire-updates/business/2026/03/23/rapidise-expands-vision-ai-and-intelligent-camera-platforms-to-enable-next-generation-edge-ai-systems.html,theweek_in,['india'],english,2026-03-23 05:52:18
"Samsung Galaxy S25 Ultra Price Drop: Now Available At Up To Rs 20,000 Discount on Vijay Sales",https://in.mashable.com/tech/107419/samsung-galaxy-s25-ultra-price-drop-now-available-at-up-to-rs-20000-discount-on-vijay-sales,in_mashable,['india'],english,2026-03-23 05:48:10
"Soon, Windows PCs will be able to restart or shut down without updating",https://www.business-standard.com/technology/tech-news/windows-insider-build-update-windows-11-pc-to-restart-shut-down-without-updating-taskbar-126032300284_1.html,business-standard,['india'],english,2026-03-23 05:46:54
"‘Outlook has grown more daunting’: Moody’s warns on Asia-Pacific growth, sees slowdown to 4% in 2026 amid heightened Middle East risks",https://economictimes.indiatimes.com/news/economy/indicators/outlook-has-grown-more-daunting-moodys-warns-on-asia-pacific-growth-sees-slowdown-to-4-in-2026-amid-heightened-middle-east-risks/articleshow/129743856.cms,economictimes_indiatimes,['india'],english,2026-03-23 05:45:57
Zuckerberg Tests AI ‘CEO Agent’ as Meta Deepens Artificial Intelligence Push,https://www.thehansindia.com/technology/tech-news/zuckerberg-tests-ai-ceo-agent-as-meta-deepens-artificial-intelligence-push-1058823,thehansindia,['india'],english,2026-03-23 05:44:53
India Inc seeks support for dedicated AI public infra,https://economictimes.indiatimes.com/tech/artificial-intelligence/india-inc-seeks-support-for-dedicated-ai-public-infra/articleshow/127784378.cms,economictimes_indiatimes,['india'],english,2026-03-23 05:43:02
"The human pyramid: Why the AI revolution in schools must begin with curiosity, empathy, and critical thinking",https://timesofindia.indiatimes.com/blogs/voices/the-human-pyramid-why-the-ai-revolution-in-schools-must-begin-with-curiosity-empathy-and-critical-thinking/,toi,['india'],english,2026-03-23 05:39:20
"Adobe appoints Shamik Basu as Vice President, Creative Products Group in India",https://bestmediainfo.com/mediainfo/mediainfo-marketing/adobe-appoints-shamik-basu-as-vice-president-creative-products-group-in-india-11254675,bestmediainfo,['india'],english,2026-03-23 05:39:17
Rapidise Expands Vision AI and Camera Platforms for Global Industries,https://www.devdiscourse.com/article/technology/3846846-rapidise-expands-vision-ai-and-camera-platforms-for-global-industries,devdiscourse,['india'],english,2026-03-23 05:38:02
Mark Zuckerberg Builds An AI Agent CEO To Help Him Run Meta,https://www.freepressjournal.in/tech/mark-zuckerberg-builds-an-ai-agent-ceo-to-help-him-run-meta,freepressjournal,['india'],english,2026-03-23 05:35:07
"India poised for AI healthcare leap, say experts at ISB event",https://www.thehansindia.com/news/cities/hyderabad/india-poised-for-ai-healthcare-leap-say-experts-at-isb-event-1058800,thehansindia,['india'],english,2026-03-23 05:30:04
MiTAC Computing Accelerates AI Performance in the 33th Convergence India,https://en.prnasia.com/story/526280-0.shtml,en_prnasisa,"['pakistan', 'romania', 'timor-leste', 'tajikistan', 'macau', 'turkmenistan', 'uzbekistan', 'qatar', 'bhutan', 'afghanistan', 'laos', 'armenia', 'saudi arabia', 'united arab emirates', 'yemen', 'taiwan', 'singapore', 'syria', 'india', 'brunei', 'hong kong', 'turkey', 'vietnam', 'bahrain', 'philippines', 'azerbaijan', 'bangladesh', 'china']",english,2026-03-23 05:30:00
Small Caps Just Outran the S&P — 6 Ways to Invest Even If You Missed the First Leg,https://www.livemint.com/focus/small-caps-just-outran-the-s-p-6-ways-to-invest-even-if-you-missed-the-first-leg-11774243512925.html,livemint,['india'],english,2026-03-23 05:29:12
"Tecno Spark 50 5G Set to Launch on March 27, Amazon Availability Confirmed: Check Key Specs",https://www.gizbot.com/mobile/news/tecno-spark-50-5g-set-to-launch-on-march-27-amazon-availability-124393.html,gizbot,['india'],english,2026-03-23 05:24:01
Central Bank of India Recruitment for 275 Specialist Officers: Apply Now,https://hindi.naukrinama.com/sarkari-naukri/central-bank-of-india-recruitment-for-275-specialist/cid18404558.htm,hindi_naukrinama,['india'],english,2026-03-23 05:23:59
From pilots to production: How Snowflake sees enterprise AI scaling in India,https://www.cioandleader.com/from-pilots-to-production-how-snowflake-sees-enterprise-ai-scaling-in-india/,cioandleader,['india'],english,2026-03-23 05:17:26
"Skoda Kushaq facelift launched in India at Rs 10.69 lakh; gets 8-speed AT, rear seat massager",https://www.moneycontrol.com/automobile/skoda-kushaq-facelift-launched-in-india-at-rs-10-69-lakh-gets-8-speed-at-rear-seat-massager-article-13867653.html,moneycontrol,['india'],english,2026-03-23 05:09:48
Mark Zuckerberg developing AI agent to assist him at Meta,https://www.newsbytesapp.com/news/science/meta-ceo-mark-zuckerberg-builds-ai-assistant-to-streamline-work/story,newsbytesapp,['india'],english,2026-03-23 05:06:43
IITD Alumni Leadership Conclave 2026: Highlights the Significance of Collaboration as a Competitive Edge in a Rapidly Evolving World,https://www.apnnews.com/iitd-alumni-leadership-conclave-2026-highlights-the-significance-of-collaboration-as-a-competitive-edge-in-a-rapidly-evolving-world/,apnnews,['india'],english,2026-03-23 05:06:36
Is Pax Silica 'Digital Colonialism'? Digvijaya Singh Questions Centre,https://menafn.com/1110893838/Is-Pax-Silica-Digital-Colonialism-Digvijaya-Singh-Questions-Centre,menafn,"['myanmar', 'thailand', 'united arab emirates', 'taiwan', 'philippines', 'azerbaijan', 'sri lanka', 'tajikistan', 'macau', 'iraq', 'maldives', 'malaysia', 'bahrain', 'mongolia', 'kazakhstan', 'brunei', 'kyrgyzstan', 'laos', 'south korea', 'singapore', 'jordan', 'cyprus', 'turkmenistan', 'china', 'vietnam', 'bhutan', 'lebanon', 'georgia', 'kuwait', 'cambodia', 'pakistan', 'north korea', 'turkey', 'yemen', 'nepal', 'iran', 'india', 'saudi arabia', 'timor-leste', 'syria', 'afghanistan', 'indonesia', 'armenia', 'uzbekistan', 'bangladesh', 'qatar', 'japan', 'israel']",english,2026-03-23 05:01:03
'Petrol Shortage League': PSL Brutally Trolled As Matches Go Behind Closed Doors Amid Fuel Crisis,https://menafn.com/1110893839/Petrol-Shortage-League-PSL-Brutally-Trolled-As-Matches-Go-Behind-Closed-Doors-Amid-Fuel-Crisis,menafn,"['myanmar', 'thailand', 'united arab emirates', 'taiwan', 'philippines', 'azerbaijan', 'sri lanka', 'tajikistan', 'macau', 'iraq', 'maldives', 'malaysia', 'bahrain', 'mongolia', 'kazakhstan', 'brunei', 'kyrgyzstan', 'laos', 'south korea', 'singapore', 'jordan', 'cyprus', 'turkmenistan', 'china', 'vietnam', 'bhutan', 'lebanon', 'georgia', 'kuwait', 'cambodia', 'pakistan', 'north korea', 'turkey', 'yemen', 'nepal', 'iran', 'india', 'saudi arabia', 'timor-leste', 'syria', 'afghanistan', 'indonesia', 'armenia', 'uzbekistan', 'bangladesh', 'qatar', 'japan', 'israel']",english,2026-03-23 05:01:03
"Fertility Services Market Size, Share & Growth Report By 2034",https://menafn.com/1110893794/Fertility-Services-Market-Size-Share-Growth-Report-By-2034,menafn,"['myanmar', 'thailand', 'united arab emirates', 'taiwan', 'philippines', 'azerbaijan', 'sri lanka', 'tajikistan', 'macau', 'iraq', 'maldives', 'malaysia', 'bahrain', 'mongolia', 'kazakhstan', 'brunei', 'kyrgyzstan', 'laos', 'south korea', 'singapore', 'jordan', 'cyprus', 'turkmenistan', 'china', 'vietnam', 'bhutan', 'lebanon', 'georgia', 'kuwait', 'cambodia', 'pakistan', 'north korea', 'turkey', 'yemen', 'nepal', 'iran', 'india', 'saudi arabia', 'timor-leste', 'syria', 'afghanistan', 'indonesia', 'armenia', 'uzbekistan', 'bangladesh', 'qatar', 'japan', 'israel']",english,2026-03-23 05:00:20
Global Microcephaly Market Share & Growth Graph By 2034,https://menafn.com/1110893792/Global-Microcephaly-Market-Share-Growth-Graph-By-2034,menafn,"['myanmar', 'thailand', 'united arab emirates', 'taiwan', 'philippines', 'azerbaijan', 'sri lanka', 'tajikistan', 'macau', 'iraq', 'maldives', 'malaysia', 'bahrain', 'mongolia', 'kazakhstan', 'brunei', 'kyrgyzstan', 'laos', 'south korea', 'singapore', 'jordan', 'cyprus', 'turkmenistan', 'china', 'vietnam', 'bhutan', 'lebanon', 'georgia', 'kuwait', 'cambodia', 'pakistan', 'north korea', 'turkey', 'yemen', 'nepal', 'iran', 'india', 'saudi arabia', 'timor-leste', 'syria', 'afghanistan', 'indonesia', 'armenia', 'uzbekistan', 'bangladesh', 'qatar', 'japan', 'israel']",english,2026-03-23 05:00:16
Honeywell Unveils Commercial Launch Of AI-Powered Control Room Assistant Following Successful Pilot,https://www.aviation-defence-universe.com/honeywell-unveils-commercial-launch-of-ai-powered-control-room-assistant-following-successful-pilot/,aviation_defence_universe,['india'],english,2026-03-23 04:59:16
DoT Announces 5G Innovation Hackathon 2026 Initiative,https://smestreet.in/technology/dot-announces-5g-innovation-hackathon-2026-initiative-11254534,smestreet,['india'],english,2026-03-23 04:57:19
"Škoda Auto India redefines value, performance and safety with launch of the Easy to Love new Kushaq",https://www.apnnews.com/skoda-auto-india-redefines-value-performance-and-safety-with-launch-of-the-easy-to-love-new-kushaq/,apnnews,['india'],english,2026-03-23 04:48:27
OPINION | Indian AI founders scaling globally through US market access,https://www.moneycontrol.com/news/opinion/indian-ai-founders-scaling-globally-through-us-market-access-13867568.html,moneycontrol,['india'],english,2026-03-23 04:48:22
AI Doesn't Have Qualities Of A Judge: CJI Surya Kant - Live Law,https://news.google.com/rss/articles/CBMilwFBVV95cUxOMGc2SnR6TVl2Xy1HTTJ3YlJsQ1EyTkFMZlNUeEhTcGJrMjA3QkVIbjIwbTQtUmNhTlREeEZhd3BTb0hIbGVZWFVtWEQ4a0FqWFJFdktpMk1ZdWE1MnZXQjNxYUF3OThSSEowdDVZemplWnZZOFVJSzV6UXVhS2NQMG4xZWpMSDF0VlpabXlCTWEzdTJKcFYw0gGcAUFVX3lxTE8yUXB6QUVJVzY0M0pab0tSYlZ6c1RhSU1UZHpfd1RTbVZRRjFSMGFOdi04VV9EOHBtbjZPUmRkYkg2QnFwZEp3V3BYVlQ0VDM2YmV1SDNSMWFvVU4zdktYcVVQUWZoSkdVLWVJLVdjWjh2SUkxR1VaVzN4LVVydVd3QjVKOHFZYWxyMTQ5QjViVDllZ1l5M3ZtTlpSdQ?oc=5,india4u,['india'],english,2026-03-23 04:48:13
"Gujarat's E‐Nagar Portal Logs 18 Lakh Transactions In 2025-26, Revenue Tops Rs 1,031 Crore",https://menafn.com/1110893782/Gujarats-ENagar-Portal-Logs-18-Lakh-Transactions-In-2025-26-Revenue-Tops-Rs-1031-Crore,menafn,"['myanmar', 'thailand', 'united arab emirates', 'taiwan', 'philippines', 'azerbaijan', 'sri lanka', 'tajikistan', 'macau', 'iraq', 'maldives', 'malaysia', 'bahrain', 'mongolia', 'kazakhstan', 'brunei', 'kyrgyzstan', 'laos', 'south korea', 'singapore', 'jordan', 'cyprus', 'turkmenistan', 'china', 'vietnam', 'bhutan', 'lebanon', 'georgia', 'kuwait', 'cambodia', 'pakistan', 'north korea', 'turkey', 'yemen', 'nepal', 'iran', 'india', 'saudi arabia', 'timor-leste', 'syria', 'afghanistan', 'indonesia', 'armenia', 'uzbekistan', 'bangladesh', 'qatar', 'japan', 'israel']",english,2026-03-23 04:45:22
Mark Zuckerberg Is Reportedly Building AI Agent For CEO Tasks At Meta: Here’s What We Know,https://www.timesnownews.com/technology-science/mark-zuckerberg-is-reportedly-building-ai-assistant-for-ceo-tasks-at-meta-heres-what-we-know-article-153897901,timesnownews,['india'],english,2026-03-23 04:41:42
MAHE Introduces ‘MAGIC’ to Power AI-Driven Academic and Administrative Transformation,https://www.apnnews.com/mahe-introduces-magic-to-power-ai-driven-academic-and-administrative-transformation/,apnnews,['india'],english,2026-03-23 04:40:52
Business News | Rapidise Expands Vision AI and Intelligent Camera Platforms to Enable Next-Generation Edge AI Systems,https://www.latestly.com/agency-news/business-news-rapidise-expands-vision-ai-and-intelligent-camera-platforms-to-enable-next-generation-edge-ai-systems-7364340.html,latestly,['india'],english,2026-03-23 04:38:25
"OnePlus Nord Buds 4 Pro Price in India, Sale Goes Live Today",https://www.latestly.com/socially/technology/oneplus-nord-buds-4-pro-price-in-india-sale-goes-live-today-7364330.html,latestly,['india'],english,2026-03-23 04:37:46
India’s micro-drama market surged past $300 million in 2025; set to hit $4.5 billion by 2030,https://www.moneycontrol.com/news/business/startup/india-s-micro-drama-market-surges-past-300-million-in-2025-set-to-hit-4-5-billion-by-2030-13867556.html,moneycontrol,['india'],english,2026-03-23 04:32:07
"Dhurandhar 2: ""Proud"" Jaya Prada Takes A Dig At Those Criticising Ranveer Singh's Film - NDTV",https://news.google.com/rss/articles/CBMixAFBVV95cUxPLUV4REVLZEs0bjVBTUU4bFVSZ3p0R2tlUFFSeWtlR3RDNXV2TlRMazh6ZXhRc3ZHelZhS29pVU5XTURCQ3RIWlB4ZlpPMjZ4MUZ4MWpxQWt3aXh1WW54Q1NFNElPMEhNdVM3UUhwR2Z6VVBSTDZtSHdNc1RqQjhvSUctUE9HU2hGTEhCNXNVemFuWmh6aWxZNVVtbV9JRmhwclhXM1lIYi1lR0J6NnNGazE1RG45RExTbGh6VXZ3VnRwMW5f0gHMAUFVX3lxTE85RG9VSmNwd1dHbFNIYWdjdGZhT0VGNmgwbHlKcWVCaUpVM21TRDNCQ29JZHJ5XzJrMktMOWVySC1zRnlCcjkzY1pjT1pVbTM0NnFVUnlfTmJ2ZDFpclVCcjRnVFI1cWtqRXJrVjIyMHIwMV9UQlZ6NnBGUlZXRjRPYmtTUTlUdEdualpYWlRrUko2Ynp2WS1TNzFYQWViSXJGQ0o2WXpTeklCVG95NHQzWnpTSGFPLTk5MVZZR2F0enJhN1RJMjRxWVpMcg?oc=5,google,['india'],english,2026-03-23 04:31:27
'Wanted to work in...': Ex-Amazon employee says he prefers startup over big tech giant,https://www.moneycontrol.com/news/trends/wanted-to-work-in-ex-amazon-employee-says-he-prefers-startup-over-big-tech-giant-13867605.html,moneycontrol,['india'],english,2026-03-23 04:28:56
Mark Zuckerberg Develops AI Agent for CEO Role Amid Industry Shift,https://thecsrjournal.in/mark-zuckerberg-develops-ai-agent-for-ceo-role-amid-industry-shift/,thecsrjournal,['india'],english,2026-03-23 04:23:27
AI in policing – a formidable challenge and a powerful ally,https://indianexpress.com/article/cities/pune/ai-in-policing-a-formidable-challenge-and-a-powerful-ally-10596001/,indianexpress,['india'],english,2026-03-23 04:21:20
"'Dhurandhar: The Revenge': Veteran actress Jaya Prada praises Aditya Dhar and Ranveer Singh's film; says, - The Times of India",https://news.google.com/rss/articles/CBMixAJBVV95cUxOaklZbmlFaGRGcURTMjd3a2FUUHk0Rk9WZmU5WExCck1NYjQ0em92dm9TclBYekhrYktybUxIckU2a2xjbGdxQTVIU0tZQVJNOV9YbkNkVXA0YjJEanRZU0hHZW5vVndNT1hocmswSHhqNDVkMnhkN3lUMWlpWHlQU09McjduREkzZG9xam9vdGl6SDY2eEhtd3NHa1JKbGlyRW9jcEJpNm9ENUNVaDdpNzI0NUUxS0VJTlBmcktTakpZQVVuN3docXhaZWFFYTZ4NEJkcDNYWXlCbjdvR09YbUxOU1NDN0taak0zbGlLaWp1bDR6VGF2dHl5X3FuWkEwNTBWcTJYNHZMdmQ4MXByZGtoaXQ3WWdOeW5xeU5tOTQ4TUZiUFRCSlkzNUZXRlBtUEk0UU04djZrMmlqV1RfVzJfNFI?oc=5,google,['india'],english,2026-03-23 04:17:00
The zero trimester: Why women are training for pregnancy like a marathon,https://indianexpress.com/article/lifestyle/health/zero-trimester-pregnancy-prep-preconception-health-diet-india-10582777/,indianexpress,['india'],english,2026-03-23 04:00:08
Graduate and unemployed: India’s middle-class rulebook for career & success no longer works,https://theprint.in/india/education/graduate-and-unemployed-indias-middle-class-rulebook-for-career-success-no-longer-works/2885523/,theprint,['india'],english,2026-03-23 04:00:07
Stocks skid to four-month low as oil shock spooks investors,https://www.reuters.com/business/energy/stocks-skid-four-month-low-oil-shock-spooks-investors-2026-03-23/,reuters_com,"['united kingdom', 'iran', 'russia', 'india', 'ukraine', 'china', 'israel', 'south africa', 'japan', 'united states of america']",english,2026-03-23 03:57:21
FM Sitharaman Urges Income Tax Officers to Ensure Smooth Rollout of Income Tax Act 2025,https://www.caclubindia.com/news/fm-sitharaman-urges-income-tax-officers-to-ensure-smooth-rollout-of-income-tax-act-2025-26342.asp,caclubindia,['india'],english,2026-03-23 03:56:45
Greenoaks in talks to invest in Indian AI data centre startup Kluisz's $25 million round,https://www.moneycontrol.com/news/business/startup/greenoaks-in-talks-to-invest-in-indian-ai-data-centre-startup-kluisz-s-25-million-round-13867542.html,moneycontrol,['india'],english,2026-03-23 03:53:43
"NHAI To Deploy AI Dashcams Across 40,000 Km Of Highways – How It Works",https://www.timesnownews.com/auto/nhai-ai-dashcams-40000-km-highways-how-it-works-india-article-153897480,timesnownews,['india'],english,2026-03-23 03:52:01
Hack of the Day: Summarise hundreds of unread WhatsApp messages,https://timesofindia.indiatimes.com/technology/hack-of-day/hack-of-the-day-summarise-hundreds-of-unread-whatsapp-messages/articleshow/129742350.cms,toi,['india'],english,2026-03-23 03:41:11
Why India's water crisis has no campaign to match it,https://www.socialsamosa.com/experts-speak/india-water-crisis-has-no-campaign-to-match-it-11248430,socialsamosa,['india'],english,2026-03-23 03:30:37
"ETMarkets Smart Talk | Not a bear market, but a volatile one: Puneet Sharma on oil, rupee risks",https://economictimes.indiatimes.com/markets/expert-view/etmarkets-smart-talk-not-a-bear-market-but-a-volatile-one-puneet-sharma-on-oil-rupee-risks/articleshow/129733777.cms,economictimes_indiatimes,['india'],english,2026-03-23 03:30:00
Karnataka to frame law restricting mobile use among under -16 students: Minister,https://economictimes.indiatimes.com/news/india/karnataka-plans-groundbreaking-law-to-limit-mobile-use-among-students-under-16/articleshow/129747384.cms,economictimes_indiatimes,['india'],english,2026-03-23 03:24:25
Top Stocks in News Today: Key Corporate Updates for 23 March 2026,https://elitewealth.in/top-stocks-in-news-today-key-corporate-updates-for-23-march-2026/,elitewealth_in,['india'],english,2026-03-23 03:18:49
Aditya Dhar's 'Dhurandhar: The Revenge' starring Ranveer Singh had the SAME MISTAKE as Christopher Nolan' - The Times of India,https://news.google.com/rss/articles/CBMitwJBVV95cUxObllaTGVBUTROcDcwN3owdGhvWE1uOGRMZFpUem5Jb1NsMWxLdllyOWpRWElwak1HMXp4VEF5d0JjYXl4UG9TWkZFbmN0dXVKN09rd0Fwd1BYT2VkU0FHSGp0SGk0VlR4eS1CLW01TzBPVkh5YVR5TFhkLXpaTmNHVlpRYWRrM0s3dHo5T3c0VUdleEdDQnJlam14eTVabGJabVJFbXRySktyYzZPNjI0MXhwbnFDY0hUekFiRl9zVkM2MG1rWXBCSDdQNHczcmNnQVhIVUt4R3c4TUM5QVA0X1ZibUUyVzJVV1ZTVmVNWFdlUWJEWWdidDJ6b0FhazJfOXpZZU9XcUJ4ZUtKclVmSXNJcTBuOUxpSHhhU3VmXzdaUUU5Qy1MaGRpdUZuWUlSb3hZcXJSSQ?oc=5,google,['india'],english,2026-03-23 03:18:00
GTA 6 Could Be More Affordable Than You Think: Take-Two CEO Teases Unexpected Pricing Strategy,https://www.gizbot.com/gaming/news/gta-6-price-hinted-by-take-two-ceo-could-be-more-affordable-than-expected-011-124381.html,gizbot,['india'],english,2026-03-23 02:54:17
Under Scanner: Human Rights Fronts On ISI's Payroll Take Shape In New Kashmir Disinformation Push,https://menafn.com/1110893480/Under-Scanner-Human-Rights-Fronts-On-ISIs-Payroll-Take-Shape-In-New-Kashmir-Disinformation-Push,menafn,"['kyrgyzstan', 'armenia', 'indonesia', 'azerbaijan', 'mongolia', 'singapore', 'vietnam', 'tajikistan', 'malaysia', 'china', 'qatar', 'south korea', 'sri lanka', 'turkmenistan', 'saudi arabia', 'india', 'pakistan', 'iraq', 'nepal', 'kuwait', 'myanmar', 'georgia', 'yemen', 'philippines', 'lebanon', 'laos', 'cyprus', 'jordan', 'syria', 'thailand', 'cambodia', 'north korea', 'macau', 'brunei', 'israel', 'afghanistan', 'turkey', 'taiwan', 'iran', 'timor-leste', 'japan', 'bhutan', 'kazakhstan', 'bangladesh', 'bahrain', 'maldives', 'united arab emirates', 'uzbekistan']",english,2026-03-23 02:45:30
Adobe Names Ex-Microsoft Executive Shamik Basu As India VP,https://menafn.com/1110893465/Adobe-Names-Ex-Microsoft-Executive-Shamik-Basu-As-India-VP,menafn,"['kyrgyzstan', 'armenia', 'indonesia', 'azerbaijan', 'mongolia', 'singapore', 'vietnam', 'tajikistan', 'malaysia', 'china', 'qatar', 'south korea', 'sri lanka', 'turkmenistan', 'saudi arabia', 'india', 'pakistan', 'iraq', 'nepal', 'kuwait', 'myanmar', 'georgia', 'yemen', 'philippines', 'lebanon', 'laos', 'cyprus', 'jordan', 'syria', 'thailand', 'cambodia', 'north korea', 'macau', 'brunei', 'israel', 'afghanistan', 'turkey', 'taiwan', 'iran', 'timor-leste', 'japan', 'bhutan', 'kazakhstan', 'bangladesh', 'bahrain', 'maldives', 'united arab emirates', 'uzbekistan']",english,2026-03-23 02:30:43
"CoinDCX Denies Allegations, Weekly Funding Rundown & More",https://inc42.com/buzz/coindcx-denies-allegations-weekly-funding-rundown-more/,inc42,['india'],english,2026-03-23 02:30:42
India must make everything from drone moulds to batteries at home by 2030: Rajnath Singh,https://www.firstpost.com/world/india-must-make-everything-from-drone-moulds-to-batteries-at-home-by-2030-defence-minister-rajnath-singh-at-national-defence-industries-conclave-13992106.html,firstpost,['india'],english,2026-03-23 02:13:05
AR Rahman says AI `cannot give human experience`,https://www.mid-day.com/entertainment/bollywood-news/article/ar-rahman-says-ai-cannot-give-human-experience-23622075,mid_day,['india'],english,2026-03-23 02:05:41
Frammer AI Revolutionizes Video Content for ABS-CBN,https://www.devdiscourse.com/article/entertainment/3846948-frammer-ai-revolutionizes-video-content-for-abs-cbn,devdiscourse,['india'],english,2026-03-23 02:05:41
Microdramas Emerge As $300 Million Market In India: Report,https://menafn.com/1110893363/Microdramas-Emerge-As-300-Million-Market-In-India-Report,menafn,"['kyrgyzstan', 'armenia', 'indonesia', 'azerbaijan', 'mongolia', 'singapore', 'vietnam', 'tajikistan', 'malaysia', 'china', 'qatar', 'south korea', 'sri lanka', 'turkmenistan', 'saudi arabia', 'india', 'pakistan', 'iraq', 'nepal', 'kuwait', 'myanmar', 'georgia', 'yemen', 'philippines', 'lebanon', 'laos', 'cyprus', 'jordan', 'syria', 'thailand', 'cambodia', 'north korea', 'macau', 'brunei', 'israel', 'afghanistan', 'turkey', 'taiwan', 'iran', 'timor-leste', 'japan', 'bhutan', 'kazakhstan', 'bangladesh', 'bahrain', 'maldives', 'united arab emirates', 'uzbekistan']",english,2026-03-23 02:00:34
Curefoods takes on quick food delivery; a motivational AI fitness coach,https://yourstory.com/2026/03/daily-capsule-curefoods-takes-on-quick-food-delivery,yourstory,['india'],english,2026-03-23 02:00:00
"Delhi, Ghaziabad Rain forecast: Capital wakes up to cloudy skies, IMD warns of rainfall, thunderstorms and lightning. Check weather update for Noida and Gurugram",http://economictimes.indiatimes.com/news/new-updates/delhi-ghaziabad-rain-forecast-capital-wakes-up-to-cloudy-skies-imd-warns-of-rainfall-thunderstorms-and-lightning-check-weather-update-for-noida-and-gurugram/articleshow/129741189.cms,economictimes_indiatimes,['india'],english,2026-03-23 01:59:56
"No AI, No FPI? Why Foreign Investors Are Pulling Out Of Indian Markets",https://www.ndtv.com/india-news/no-ai-no-fpi-why-foreign-investors-are-pulling-out-of-indian-markets-11252399,ndtv,['india'],english,2026-03-23 01:56:39
Transcosmos Announces The Results Of The Global Online Shopping Survey In 8 Cities 2026,https://menafn.com/1110893357/Transcosmos-Announces-The-Results-Of-The-Global-Online-Shopping-Survey-In-8-Cities-2026,menafn,"['kyrgyzstan', 'armenia', 'indonesia', 'azerbaijan', 'mongolia', 'singapore', 'vietnam', 'tajikistan', 'malaysia', 'china', 'qatar', 'south korea', 'sri lanka', 'turkmenistan', 'saudi arabia', 'india', 'pakistan', 'iraq', 'nepal', 'kuwait', 'myanmar', 'georgia', 'yemen', 'philippines', 'lebanon', 'laos', 'cyprus', 'jordan', 'syria', 'thailand', 'cambodia', 'north korea', 'macau', 'brunei', 'israel', 'afghanistan', 'turkey', 'taiwan', 'iran', 'timor-leste', 'japan', 'bhutan', 'kazakhstan', 'bangladesh', 'bahrain', 'maldives', 'united arab emirates', 'uzbekistan']",english,2026-03-23 01:46:51
"No AI, No FPI? Why Foreign Investors Are Pulling Out Of Indian Markets - NDTV",https://news.google.com/rss/articles/CBMirgFBVV95cUxOY2I5eDNxYlpvVG1CdURXU0Y0R0RUYmxhSmFGTml5UmVQTTF1b0dxWGEwZEV6bDNjZ3dGMzZQSXhHNW5iNWhKNVpzTlY4LU80ajJlN0pCUUFPN01md014RWdFaXRwRDZISU9KQkxqc1JGWmliUFI1eF9yZmlDVW44Q293ZHFsbW1pUmtZT3Z1LU5OREt1LWdGYmR1Qk5QT2g1Q2sxTkRnLUJHRk9STmfSAbYBQVVfeXFMUGx5d0JScWZvT3lmWEFTVlM3OHBlRHRULWt0LV9FNWFMWC0wajZuNEdZQ3lCU1AybnhaakZzb3BoZHdYa3JtNFpReHppU3BUZk5XbGNIOUVjajY1WnlYcDdrMGRRREctVWxvTEk3WElCNXFpUGlla0sxU2NXN0RIOW5oNjFqb1FNZlV5Y3I5Y3dXQ3dtT0x1cV9jekZhT2VMT0N1QTFnM1dWY3kxY3VPRDhMV29TVVE?oc=5,google,['india'],english,2026-03-23 01:44:59
"Rs 1 lakh crore FII outflows in 16 sessions; selling at Rs 1,000 crore an hour",https://www.moneycontrol.com/news/business/earnings/rs-1-lakh-crore-fii-outflows-in-16-sessions-selling-at-rs-1-000-crore-an-hour-13867212.html,moneycontrol,['india'],english,2026-03-23 01:44:16
Indian techie in New York explains why he quit Amazon to join a startup,https://www.hindustantimes.com/trending/us/indian-techie-in-new-york-explains-why-he-quit-amazon-to-join-a-startup-101774229744616.html,hindustantimes,['india'],english,2026-03-23 01:40:31
"Watch these 22 stocks: Pharma majors, Tata group, SBI, Kotak Mahindra Bank, Varroc, Thomas Cook, Vikram Solar",https://www.thehindubusinessline.com/markets/watch-these-22-stocks-pharma-majors-tata-group-sbi-kotak-mahindra-bank-varroc-thomas-cook-vikram-solar/article70774198.ece,thehindubusinessline,['india'],english,2026-03-23 01:34:40
"Rs 1 lakh crore FII outflows in 16 sessions; selling at Rs 1,000 crore an hour - Moneycontrol.com",https://news.google.com/rss/articles/CBMi2wFBVV95cUxOeWpzWFJfcTR0YWRVb0hMUF9wVTJkNDRNQmROZS05bXcyWGU5SkxrOFVPbWdENzQ0UDNzM1RlbnpnSDhic0pFNzdHUkFEa1Q1QzQzV0VkZThJUjJRbk9VTE5iTlhyaFVoUU5SRVpQMzV2cG1PdlBNM1NLeVIwNzhnZjFvNVlqNFE5STNST0tIOENRSUFzakRHYkRXa0VkVkl0STNuNnN3SUJGamNMcEppYkN6N1dOSDYxUkNULVBCVjd3V0RhaWFYOTluakVqbFpVeDZYeHdVRWZvS2PSAeABQVVfeXFMTThzN1ZpQkN5WnFyQ2wwWXdRTWdSMnVoeE5KZGx5YVhaRTVRaUhVZXpIbTJoSUpBT3pUN1hwTDFaU3NBWlV5dkRobjFGMldBZ0hiWUlWeGVEaXh3dUFGdWNPaXZtTldBTmYxSWNZRklJOXhQX2NyUEo4OU13a0dnNmRTSnI2VGVuUFY2Z1R4TVBJM3loeW9EZ3U1Y0lPQWEyM1A0Y2NrckNVZWl4RTh0U25ab0lLT2ZoTlVJVGRGaVUxVzZoUTIxenl4cmlXaHBwUm1fWGk1bmhaSjRHUWlDSS0?oc=5,google,['india'],english,2026-03-23 01:30:57
AI-led wealthtech piques investors; H-1B registrations drop,https://economictimes.indiatimes.com/tech/newsletters/morning-dispatch/ai-led-wealthtech-piques-investors-h-1b-registrations-drop/articleshow/129741034.cms,economictimes_indiatimes,['india'],english,2026-03-23 01:26:27
AI-led wealthtech piques investors; H-1B registrations may drop,http://economictimes.indiatimes.com/tech/newsletters/morning-dispatch/ai-led-wealthtech-piques-investors-h-1b-registrations-drop/articleshow/129741034.cms,economictimes_indiatimes,['india'],english,2026-03-23 01:26:27
The warning shot for a weight-loss drug in India,https://www.livemint.com/newsletters/top-of-the-morning/the-warning-shot-for-a-weight-loss-drug-in-india-11774202813722.html,livemint,['india'],english,2026-03-23 01:16:03
Zendaya and Tom Holland spotted hand-in-hand in Los Angeles amid wedding buzz,https://timesofindia.indiatimes.com/entertainment/english/hollywood/news/zendaya-and-tom-holland-spotted-hand-in-hand-in-los-angeles-amid-wedding-buzz/articleshow/129740980.cms,toi,['india'],english,2026-03-23 01:06:57
"Study abroad rethink: Indian students return home as visa hurdles, job uncertainty and rising costs reshape plans",https://economictimes.indiatimes.com/wealth/plan/study-abroad-rethink-indian-students-return-home-as-visa-hurdles-job-uncertainty-and-rising-costs-reshape-plans/articleshow/129706299.cms,economictimes_indiatimes,['india'],english,2026-03-23 01:00:00
"Corner Office Conversation: GV Prasad, Co-Chairman and Managing Director Dr Reddy’s Laboratories Ltd",https://economictimes.indiatimes.com/news/corner-office-conversation/corner-office-conversation-gv-prasad-co-chairman-and-managing-director-dr-reddys-laboratories-ltd/podcast/129740908.cms,economictimes_indiatimes,['india'],english,2026-03-23 00:54:08
"We are discovery rich, but development poor",https://economictimes.indiatimes.com/news/videos/we-are-discovery-rich-but-development-poor/videoshow/129740853.cms,economictimes_indiatimes,['india'],english,2026-03-23 00:35:28
AI-led vibe coding amplifying security and governance fears,http://economictimes.indiatimes.com/tech/technology/ai-led-vibe-coding-amplifying-security-and-governance-fears/articleshow/129737485.cms,economictimes_indiatimes,['india'],english,2026-03-23 00:31:00
"PE firm Multiples bets on AI-first tech services, pares legacy bets",https://www.livemint.com/companies/news/multiples-backs-ai-first-tech-services-firms-as-it-sheds-legacy-bets-11774155827278.html,livemint,['india'],english,2026-03-23 00:30:42
Cost to certainty: India’s opportunity and constraints in a rewired global order,https://www.livemint.com/news/india/cost-to-certainty-india-opportunity-and-constraints-in-a-rewired-global-order-11774019856338.html,livemint,['india'],english,2026-03-23 00:30:22
AI-led wealthtech rising as VCs bet on a fintech disruption,http://economictimes.indiatimes.com/tech/artificial-intelligence/ai-led-wealthtech-rising-as-vcs-bet-on-a-fintech-disruption/articleshow/129735772.cms,economictimes_indiatimes,['india'],english,2026-03-23 00:30:00
Influencer Affiliate Storefronts Market to Reach USD 166 Billion by 2036 at 21.3% CAGR Driven by Creator Commerce Growth,https://www.einpresswire.com/article/901190620/influencer-affiliate-storefronts-market-to-reach-usd-166-billion-by-2036-at-21-3-cagr-driven-by-creator-commerce-growth,einpresswire,"['canada', 'united kingdom', 'india', 'china', 'france', 'japan', 'united states of america', 'germany', 'australia']",english,2026-03-23 00:00:00
"Nonprofit Organizations Market Size to Hit USD 481.18 Billion by 2032, Driven by Impact ROI and Social Enterprise Trends",https://www.einpresswire.com/article/901238825/nonprofit-organizations-market-size-to-hit-usd-481-18-billion-by-2032-driven-by-impact-roi-and-social-enterprise-trends,einpresswire,"['france', 'united states of america', 'australia', 'germany', 'japan', 'china', 'india', 'united kingdom', 'canada']",english,2026-03-23 00:00:00
Taiwan's expertise committed to supporting digital transformation in India: Estella Chen,https://www.aninews.in/news/business/taiwans-expertise-committed-to-supporting-digital-transformation-in-india-estella-chen20260323160115/,aninews,['india'],english,2026-03-23 00:00:00
"Rail Wheel and Axle Market to Reach US$ 6.7 Billion by 2033, Growing at a 6.2% CAGR | Persistence Market Research",https://www.einpresswire.com/article/901252722/rail-wheel-and-axle-market-to-reach-us-6-7-billion-by-2033-growing-at-a-6-2-cagr-persistence-market-research,einpresswire,"['china', 'germany', 'united states of america', 'canada', 'france', 'japan', 'australia', 'india', 'united kingdom']",english,2026-03-23 00:00:00
"Congress MP Digvijaya Singh raises concerns over India joining Pax Silica, calls it step towards ""digital colonialism""",https://www.aninews.in/news/national/general-news/congress-mp-digvijaya-singh-raises-concerns-over-india-joining-pax-silica-calls-it-step-towards-digital-colonialism20260323131346/,aninews,['india'],english,2026-03-23 00:00:00
ACT Fibernet Wins Double Honours at ET Telecom Awards 2026,https://www.aninews.in/news/business/act-fibernet-wins-double-honours-at-et-telecom-awards-202620260323141437/,aninews,['india'],english,2026-03-23 00:00:00
"Process for preparation of India Semiconductor Mission 2.0 already underway, says MeitY Joint Secretary",https://www.aninews.in/news/business/process-for-preparation-of-india-semiconductor-mission-20-already-underway-says-meity-joint-secretary20260323143542/,aninews,['india'],english,2026-03-23 00:00:00
Samsung Galaxy S26 Gets AirDrop and Ends Apple's File-Sharing Monopoly,https://www.businessworld.in/article/samsung-galaxy-s26-airdrop-quick-share-android-2026-598862,businessworld,['india'],english,2026-03-23 00:00:00
Gujarat Urban Development Mission launches eNagar Portal to simplify citizen access to municipal services,https://www.aninews.in/news/national/general-news/gujarat-urban-development-mission-launches-enagar-portal-to-simplify-citizen-access-to-municipal-services20260323143850/,aninews,['india'],english,2026-03-23 00:00:00
"LTM Expands BlueVerseTM Tech with AppIQ, AgentIQ and FusionIQ to Accelerate AI Led Engineering",https://www.aninews.in/news/business/ltm-expands-blueverse8482-tech-with-appiq-agentiq-and-fusioniq-to-accelerate-ai-led-engineering20260323144000/,aninews,['india'],english,2026-03-23 00:00:00
India's Cheap Internet Runs Through the World's Most Dangerous Waters,https://www.businessworld.in/article/india-cheap-internet-undersea-cable-vulnerability-war-zones-2026-598929,businessworld,['india'],english,2026-03-23 00:00:00
HuntingCube.ai Launches AI-Powered Recruitment Engine Targeting the Global HFT & Quant Trading Talent Market,https://www.aninews.in/news/business/huntingcubeai-launches-ai-powered-recruitment-engine-targeting-the-global-hft-amp-quant-trading-talent-market20260323144111/,aninews,['india'],english,2026-03-23 00:00:00
Mayson Raises Pre-Seed Funding for Its Full-stack Vibe Coding Platform,https://www.aninews.in/news/business/mayson-raises-pre-seed-funding-for-its-full-stack-vibe-coding-platform20260323144153/,aninews,['india'],english,2026-03-23 00:00:00
"India Proposes Companies Law Changes To Allow Dual Buybacks, Ease M&A Rules",https://www.businessworld.in/article/india-proposes-companies-law-changes-to-allow-dual-buybacks-ease-m-a-rules-598931,businessworld,['india'],english,2026-03-23 00:00:00
Acer Makes India-made AI Servers Focus Of Next Growth Phase,https://www.businessworld.in/article/acer-makes-india-made-ai-servers-focus-of-next-growth-phase-598937,businessworld,['india'],english,2026-03-23 00:00:00
Laboratory Informatics Market Set to Grow from US$ 4.0 Bn to US$ 5.9 Bn by 2033 | Persistence Market Research,https://www.einpresswire.com/article/901184166/laboratory-informatics-market-set-to-grow-from-us-4-0-bn-to-us-5-9-bn-by-2033-persistence-market-research,einpresswire,"['united kingdom', 'australia', 'india', 'germany', 'china', 'canada', 'france', 'japan', 'united states of america']",english,2026-03-23 00:00:00
Mastercard Partners With MMT’s Myra To Bring Lifestyle Navigator,https://www.businessworld.in/article/mastercard-partners-with-mmt-s-myra-to-bring-lifestyle-navigator-598881,businessworld,['india'],english,2026-03-23 00:00:00
India's expanding garment and apparel manufacturing ecosystem to come together at Gartex Texprocess India Mumbai,https://www.aninews.in/news/business/indias-expanding-garment-and-apparel-manufacturing-ecosystem-to-come-together-at-gartex-texprocess-india-mumbai20260323161144/,aninews,['india'],english,2026-03-23 00:00:00
"Global Liqueur Market Size to Reach USD 198.45 Billion by 2032, Driven by Craft Mixology Trends and Premiumization",https://www.einpresswire.com/article/901240685/global-liqueur-market-size-to-reach-usd-198-45-billion-by-2032-driven-by-craft-mixology-trends-and-premiumization,einpresswire,"['india', 'united kingdom', 'germany', 'united states of america', 'australia', 'japan', 'canada', 'france', 'china']",english,2026-03-23 00:00:00
"Industry experts highlight multifaceted impact of West Asia conflict on ""common man"" in India",https://www.aninews.in/news/business/industry-experts-highlight-multifaceted-impact-of-west-asia-conflict-on-common-man-in-india20260323180820/,aninews,['india'],english,2026-03-23 00:00:00
"Global Electronic Sealants Price Forecast, Supply–Demand Analysis and Market Trends (2025–2035)",https://www.einpresswire.com/article/901198952/global-electronic-sealants-price-forecast-supply-demand-analysis-and-market-trends-2025-2035,einpresswire,"['united kingdom', 'australia', 'india', 'germany', 'china', 'canada', 'france', 'japan', 'united states of america']",english,2026-03-23 00:00:00
"Torque Converter Market to Reach US$ 12.1 Billion by 2033, Growing at a 5.4% CAGR | Persistence Market Research",https://www.einpresswire.com/article/901251759/torque-converter-market-to-reach-us-12-1-billion-by-2033-growing-at-a-5-4-cagr-persistence-market-research,einpresswire,"['china', 'india', 'france', 'germany', 'united kingdom', 'canada', 'australia', 'japan', 'united states of america']",english,2026-03-23 00:00:00
AI-Personalized Home Fragrance Market to Reach USD 4.8 Billion by 2036 at 13.1% CAGR Amid Smart Home Growth,https://www.einpresswire.com/article/901189071/ai-personalized-home-fragrance-market-to-reach-usd-4-8-billion-by-2036-at-13-1-cagr-amid-smart-home-growth,einpresswire,"['france', 'united states of america', 'australia', 'germany', 'japan', 'china', 'india', 'united kingdom', 'canada']",english,2026-03-23 00:00:00
5G IoT Market Forecast 2026–2036: Market to Reach USD 85 Billion by 2036 at 26.5% CAGR,https://www.einpresswire.com/article/901217697/5g-iot-market-forecast-2026-2036-market-to-reach-usd-85-billion-by-2036-at-26-5-cagr,einpresswire,"['china', 'germany', 'united states of america', 'canada', 'france', 'japan', 'australia', 'india', 'united kingdom']",english,2026-03-23 00:00:00
Air India to deploy more pilots for Dreamliners on West route,https://timesofindia.indiatimes.com/business/india-business/ai-to-deploy-more-pilots-for-dreamliners-on-west-route/articleshow/129740629.cms,toi,['india'],english,2026-03-22 23:16:41
"One tap and 600,000 cows start walking to milking stations: Inside the AI farm startup Peter Thiel backed - The Times of India",https://news.google.com/rss/articles/CBMirwJBVV95cUxOYXV5SF9KWmh5aXlnSEw2ZGtUb2FzX0MxUzJuTE9FZklrOVdhVVJKMng0UUJINWxNS1BwdUZoNUFLYlFFRHdFMzhCUHFJR3kzaFB5dmJ3aW9zTUQ5amFLUEFVSDQ2cW5rZXBGMHpKM3hlQjdyZ0htRHNhai1oVFdNdzR5WGdLcWhPakdwNlNFcFJHcXBXOE5YVU40eU9CcWdXVzN1RUNaVHkwNmRLVFBncjZIRTBLeFA3b3BOQ2dzdUs1cWlWbENNY2NXTnZGRmEyMXBUbTEyQVpRdWdPVGRtV2hfcFhGY2VoazRjWkVKd0M4UFpidWZrR3BKWGtQQnpyLTFoX0FRNGF6WjAyTVMwNHhROUI2dkg3T29URFMzcUd6UnFEODlURGZDcmhOX0XSAbQCQVVfeXFMUFhmWlZxRVFNbVJTaXlvdk9vVjBNTEs3NUo1VXo1S3dsNnpUOHRPTENYN01pX1I2MWVSSjF4QnpuUFM1ekwyU200eC00RDJiYXZYTzZucUt2UXFjNjczS0lYR19Ma3ozemVmMlhTZzBpRG5jVk5FVTQ1WXlPUkk0S3QzMFd5YWlBV0RoRE5XSjJnR2NlZ3J6SERCMXdVSERaZlRWYS1TSi1ia3YwX3FvRFhGTkRWaHdTOFJMaW5nSXYtaUpiMGp2SERNM0xEVmo5ZXFKWUN5MWg4XzhBTzlUdFM3d2hzNFVfRE41SDlOeDdGOExrOVh4bTNOdjM2X2o2UVpFMzhFaDFvcmdZRnRWVVdVTXhnN0dkYTFrNFZobGgyUm03eDNCNlRZZDlZUm1FSTVGbnE?oc=5,google,['india'],english,2026-03-22 23:11:00
Iran reportedly charges tankers up to $2M to cross the Strait of Hormuz,https://www.awamkasach.com/iran-reportedly-charges-tankers-up-to-2m-to-cross-the-strait-of-hormuz/,awamkasach,['india'],english,2026-03-22 21:06:40
Cost To Certainty: India's Opportunity And Constraints In A Rewired Global Order,https://menafn.com/1110892943/Cost-To-Certainty-Indias-Opportunity-And-Constraints-In-A-Rewired-Global-Order,menafn,"['myanmar', 'thailand', 'united arab emirates', 'taiwan', 'philippines', 'azerbaijan', 'sri lanka', 'tajikistan', 'macau', 'iraq', 'maldives', 'malaysia', 'bahrain', 'mongolia', 'kazakhstan', 'brunei', 'kyrgyzstan', 'laos', 'south korea', 'singapore', 'jordan', 'cyprus', 'turkmenistan', 'china', 'vietnam', 'bhutan', 'lebanon', 'georgia', 'kuwait', 'cambodia', 'pakistan', 'north korea', 'turkey', 'yemen', 'nepal', 'iran', 'india', 'saudi arabia', 'timor-leste', 'syria', 'afghanistan', 'indonesia', 'armenia', 'uzbekistan', 'bangladesh', 'qatar', 'japan', 'israel']",english,2026-03-22 21:00:40
"Iran chokes Strait of Hormuz with reported $2M tanker toll, regime threatens global oil supply",https://www.democraticaccent.com/iran-chokes-strait-of-hormuz-with-reported-2m-tanker-toll-regime-threatens-global-oil-supply/,democraticaccent,['india'],english,2026-03-22 20:55:30
NHAI launches AI systemfor highway monitoring,https://nagalandpost.com/nhai-launches-ai-systemfor-highway-monitoring/,nagalandpost,['india'],english,2026-03-22 20:37:45
"Navratra gift: 2,700 families secure keys to Indian dream",https://timesofindia.indiatimes.com/city/chandigarh/navratra-gift-2700-families-secure-keys-to-indian-dream/articleshow/129737603.cms,toi,['india'],english,2026-03-22 20:36:00
"Create jobs, address education mismatch",https://www.deccanherald.com/opinion/editorial/create-jobs-address-education-mismatch-3940822,deccanherald,['india'],english,2026-03-22 20:06:46
Equity markets have been sideways for 18 months: Is it good time to invest?,https://www.deccanherald.com/business/markets/equity-markets-have-been-sideways-for-18-months-is-it-good-time-to-invest-3940797,deccanherald,['india'],english,2026-03-22 19:44:09
"AI must aid, not supplant judiciary: CJI",https://nagalandpost.com/ai-must-aid-not-supplant-judiciary-cji/,nagalandpost,['india'],english,2026-03-22 19:42:12
DH Interview | 'AI lowers the barrier to becoming a developer': GitHub Regional Sales Director Nahas Mohammed,https://www.deccanherald.com/business/dh-interview-ai-lowers-the-barrier-to-becoming-a-developer-github-regional-sales-director-nahas-mohammed-3940788,deccanherald,['india'],english,2026-03-22 19:40:48
"India, EU step up engagement to fast-track trade, tech talks",https://economictimes.indiatimes.com/news/economy/foreign-trade/india-eu-step-up-engagement-to-fast-track-trade-tech-talks/articleshow/129738329.cms,economictimes_indiatimes,['india'],english,2026-03-22 19:33:36
Datacipher and HPE host AI-driven networking,https://navhindtimes.in/bnc-news/datacipher-and-hpe-host-ai-driven-networking/,navhindtimes,['india'],english,2026-03-22 19:09:14
"Glitch Tech Fest 2026 blends innovation, AI insights and high-energy E-Sports at Shoolini University Solan,",https://chandigarhtoday.org/?p=78967,chandigarhtoday_org,['india'],english,2026-03-22 18:52:26
"Indo-Russian consortium bags Indian Railways' ₹1,100 cr track upkeep contract",https://economictimes.indiatimes.com/industry/transportation/railways/indo-russian-consortium-bags-indian-railways-1100-cr-track-upkeep-contract/articleshow/129737537.cms,economictimes_indiatimes,['india'],english,2026-03-22 18:36:18
"Nitish inaugurates Bihar Diwas event; celebrations showcase technology, education and cultural heritage",https://timesofindia.indiatimes.com/city/patna/nitish-inaugurates-bihar-diwas-event-celebrations-showcase-technology-education-and-cultural-heritage/articleshow/129736546.cms,toi,['india'],english,2026-03-22 17:38:17
"Organisational changes are being made to reach every part of India, says Sunil Ambekar of RSS",https://www.thehindu.com/news/national/organisational-changes-are-being-made-to-reach-every-part-of-india-says-sunil-ambekar-of-rss/article70772451.ece,thehindu,['india'],english,2026-03-22 16:50:41
"Creator’s Jam powers Pune Comic Con Day 2, spotlighting storytelling, indie creators and fandom’s evolution",https://indianexpress.com/article/cities/pune/creators-jam-powers-pune-comic-con-day-2-spotlighting-storytelling-indie-creators-and-fandoms-evolution-10595585/,indianexpress,['india'],english,2026-03-22 16:46:14
Apple's iPad 12 With A18 Chip and Apple Intelligence support is still coming this year,https://timesofindia.indiatimes.com/technology/mobiles-tabs/apples-ipad-12-with-a18-chip-and-apple-intelligence-support-is-still-coming-this-year/articleshow/129735356.cms,toi,['india'],english,2026-03-22 16:22:34
Elon Musk unveils chip manufacturing plans for SpaceX and Tesla - TechCrunch,https://news.google.com/rss/articles/CBMinwFBVV95cUxNM0ozdjZQQ0hjTGE3a0pLX1dMZFhXOVFuUHlhWXYxa01rMXcwUTVMNklDYk02NGZmY3pHRDc4VlNiNmtuWnNLekJMMlpWTlZndGlhY2dPVUV3UmdUT19xX3EybHpxeENZMEtaRjZIeXotTmg5SEoxUmlCV3ZlcF9FN0o1YkF1RXhMcHBweDFXT01TNVlDU2o5LTBOWkpGVU0?oc=5,google,['india'],english,2026-03-22 16:20:00
Amazon Buys Rivr to Put Stair-Climbing Robots on Your Doorstep,https://www.indianweb2.com/2026/03/amazon-buys-rivr-to-put-stair-climbing.html,indianweb2,['india'],english,2026-03-22 16:17:00
"AI must strengthen, not override judiciary: CJI Surya Kant",https://www.siasat.com/ai-must-strengthen-not-override-judiciary-cji-surya-kant-3439075/,siasat,['india'],english,2026-03-22 16:06:33
ISB labelled Naidu As ‘Architect Of Modern Hyderabad’ - Gulte,https://news.google.com/rss/articles/CBMimwFBVV95cUxPRDA3NFhyU0tYajdnMWotYldxT1ZPVm0zVmNleHRBeEFMWDBrbm5LNzZXRGNrNlJ4QWh3MjcycGhONjJvTzhtdzAzZDZMcFpvR0Jua0ZNTERHeTI0SFlGeFdSY1ZLYVZoZ2tZNkZjeUVQQnZYV3dhbEJrOHZlaV95OGhpYlE3YlRmR05vN05UeU9Ub3ljeHo0LVVyc9IBoAFBVV95cUxQRi16OWQ1d0NRclRmeVpUSnNGcW9NODlyMnpCZjRqaUpZb2tuVmk3bzVjQmNZcVhRLVJ3RkNMRWU3NFV3X0ZGMUJZV0RCdS1iYW5sZW5VYVVwLVI0QU1zSTFCQ1NsOVl0RlVTLUNOSlpzM0JURDA1VEFwODdoMEd6blB4WnZZWFVvb21PaU1uWG1GRlA1QktKRGFnSThiel9r?oc=5,google,['india'],english,2026-03-22 15:56:59
Israel-Iran war: A Local War That Has Caused Worldwide Disruption,https://www.freepressjournal.in/analysis/israel-iran-war-a-local-war-that-has-caused-worldwide-disruption,freepressjournal,['india'],english,2026-03-22 15:44:29
Al for Equal Change: Levelling the playing field,https://organiser.org/2026/03/22/344750/bharat/al-for-equal-change-levelling-the-playing-field/,organiser,['india'],english,2026-03-22 15:30:05
Andhra Pradesh: CM Chandrababu Naidu announces state has undertaken reforms through Public-Private Partnership model,https://globalgreenews.com/andhra-pradesh-cm-chandrababu-naidu-announces-state-has-undertaken-reforms-through-public-private-partnership-model/,globalgreenews,['india'],english,2026-03-22 15:05:27
How Saurav Ghosal’s World Premier Squash is changing notion of sports leagues,https://indianexpress.com/article/sports/sport-others/saurav-ghosal-world-premier-squash-ai-technology-10595464/,indianexpress,['india'],english,2026-03-22 15:03:09
AI Takes Centre Stage at ICMAI–BCCL Seminar in Dhanbad; CMD Manoj Kumar Agarwal Highlights Transformative Role in Mining,https://indianpsu.com/icmai-bccl-ai-seminar-dhanbad-manoj-kumar-agarwal/,indianpsu,['india'],english,2026-03-22 15:02:38
Delve Compliance Scandal: Explosive ‘Fake Compliance’ Accusations Threaten Startup’s $300M Valuation,https://bitcoinworld.co.in/delve-fake-compliance-accusations-scandal/,bitcoinworld,['india'],english,2026-03-22 15:00:12
Firing up innovation for the new tech age,https://www.hindustantimes.com/opinion/firing-up-innovation-for-the-new-tech-age-101774191477908.html,hindustantimes,['india'],english,2026-03-22 14:57:57
"Wealth of India, hits and misses",https://www.hindustantimes.com/opinion/wealth-of-india-hits-and-misses-101774191475666.html,hindustantimes,['india'],english,2026-03-22 14:57:55
Making insurance relatable: Inside Shriram Life Insurance’s AI-led strategy,https://etedge-insights.com/resources/brands-speak/making-insurance-relatable-inside-shriram-life-insurances-ai-led-strategy/,etedge_insights,['india'],english,2026-03-22 14:21:34
Nothing Phone (4a) review: The difference is in the details,https://www.moneycontrol.com/technology/nothing-phone-4a-review-the-difference-is-in-the-details-article-13867277.html,moneycontrol,['india'],english,2026-03-22 14:19:18
Entertainment News | Ranveer's Makeup Transformation for 'Ghost Born of Shadows' Look in Dhurandhar 2 Stuns Netizens,https://www.latestly.com/agency-news/entertainment-news-ranveers-makeup-transformation-for-ghost-born-of-shadows-look-in-dhurandhar-2-stuns-netizens-7363999.html,latestly,['india'],english,2026-03-22 14:06:33
Global conflicts affecting Andhra products marketing: Chandrababu Naidu,https://telanganatoday.com/global-conflicts-affecting-andhra-products-marketing-chandrababu-naidu,telanganatoday,['india'],english,2026-03-22 13:37:29
